{
  "ciudades": [
    {"nombre": "Madrid"},
    {"nombre": "Barcelona"},
    {"nombre": "Valencia"},
    {"nombre": "Sevilla"},
    {"nombre": "Zaragoza"},
    {"nombre": "Málaga"},
    {"nombre": "Murcia"},
    {"nombre": "Palma de Mallorca"},
    {"nombre": "Las Palmas de Gran Canaria"},
    {"nombre": "Bilbao"},
    {"nombre": "Alicante"},
    {"nombre": "Córdoba"},
    {"nombre": "Valladolid"},
    {"nombre": "Vigo"},
    {"nombre": "Gijón"},
    {"nombre": "Hospitalet de Llobregat"},
    {"nombre": "La Coruña"},
    {"nombre": "Vitoria"},
    {"nombre": "Granada"},
    {"nombre": "Elche"},
    {"nombre": "Oviedo"},
    {"nombre": "Terrassa"},
    {"nombre": "Badalona"},
    {"nombre": "Cartagena"},
    {"nombre": "Jerez de la Frontera"},
    {"nombre": "Sabadell"},
    {"nombre": "Alcalá de Henares"},
    {"nombre": "Pamplona"},
    {"nombre": "Fuenlabrada"},
    {"nombre": "San Sebastián"},
    {"nombre": "Getafe"},
    {"nombre": "Albacete"},
    {"nombre": "Leganés"},
    {"nombre": "Alcorcón"},
    {"nombre": "Castellón de la Plana"},
    {"nombre": "Santander"},
    {"nombre": "Burgos"},
    {"nombre": "Almería"},
    {"nombre": "Santa Cruz de Tenerife"},
    {"nombre": "Logroño"},
    {"nombre": "Badajoz"},
    {"nombre": "Salamanca"},
    {"nombre": "Huelva"},
    {"nombre": "Lérida"},
    {"nombre": "Marbella"},
    {"nombre": "Tarragona"},
    {"nombre": "León"},
    {"nombre": "Cádiz"},
    {"nombre": "Jaén"},
    {"nombre": "Ourense"},
    {"nombre": "Mataró"},
    {"nombre": "Algeciras"},
    {"nombre": "Dos Hermanas"},
    {"nombre": "Torrejón de Ardoz"},
    {"nombre": "Parla"},
    {"nombre": "Alcobendas"},
    {"nombre": "Reus"},
    {"nombre": "Telde"},
    {"nombre": "Baracaldo"},
    {"nombre": "Lugo"},
    {"nombre": "Santiago de Compostela"},
    {"nombre": "Cáceres"},
    {"nombre": "San Cristóbal de la Laguna"},
    {"nombre": "Girona"},
    {"nombre": "Coslada"},
    {"nombre": "Lorca"},
    {"nombre": "Talavera de la Reina"},
    {"nombre": "El Puerto de Santa María"},
    {"nombre": "Cornellá de Llobregat"},
    {"nombre": "Avilés"},
    {"nombre": "Las Rozas de Madrid"},
    {"nombre": "Orihuela"},
    {"nombre": "Pozuelo de Alarcón"},
    {"nombre": "San Fernando"},
    {"nombre": "Pontevedra"},
    {"nombre": "Guadalajara"},
    {"nombre": "Toledo"},
    {"nombre": "Pájara"},
    {"nombre": "Ceuta"},
    {"nombre": "Melilla"}
  ]
}
